mobileNumber,p1,p2
9.19284E+11,a,b
9.18692E+11,c,d
9.19284E+11,e,f
9.19284E+11,g,h
9.19139E+11,i,j
9.19284E+11,k,l
9.19284E+11,m,n
9.1914E+11,o,p
9.19284E+11,q,r
9.1986E+11,s,t
